Timestamp,language,Problem
10/15/2024,python,Hello World
10/15/2024,c,Hello World
10/15/2024,java,Mario
10/15/2024,javascript,Tideman
10/15/2024,sql,Caesar
10/15/2024,fortran,Speller
10/15/2024,rust,Filter
10/15/2024,go,Resize
10/15/2024,php,Phonebook
10/15/2024,swift,Sudoku
10/15/2024,csharp,Plurality
10/15/2024,html,Substitution
10/15/2024,css,Recover
10/15/2024,ruby,Water
10/15/2024,perl,Minesweeper
10/15/2024,kotlin,Readability
10/15/2024,typescript,Credit
10/15/2024,matlab,Hash
10/15/2024,scala,TrailingZeros
10/15/2024,haskell,Scrabble
10/15/2024,r,Clueless
10/15/2024,bash,Election
10/15/2024,lua,Degrees
10/15/2024,dart,DNA
10/15/2024,elixir,Seams
10/15/2024,python,Hello World
10/15/2024,c,Hello World
10/15/2024,java,Mario
10/15/2024,javascript,Tideman
10/15/2024,sql,Caesar
10/15/2024,fortran,Speller
10/15/2024,rust,Filter
10/15/2024,go,Resize
10/15/2024,php,Phonebook
10/15/2024,swift,Sudoku
10/15/2024,csharp,Plurality
10/15/2024,html,Substitution
10/15/2024,css,Recover
10/15/2024,ruby,Water
10/15/2024,perl,Minesweeper
10/15/2024,kotlin,Readability
10/15/2024,typescript,Credit
10/15/2024,matlab,Hash
10/15/2024,scala,TrailingZeros
10/15/2024,haskell,Scrabble
10/15/2024,r,Clueless
10/15/2024,bash,Election
10/15/2024,lua,Degrees
10/15/2024,dart,DNA
10/15/2024,elixir,Seams
10/15/2024,python,Hello World
10/15/2024,c,Hello World
10/15/2024,java,Mario
10/15/2024,javascript,Tideman
10/15/2024,sql,Caesar
10/15/2024,fortran,Speller
10/15/2024,rust,Filter
10/15/2024,go,Resize
10/15/2024,php,Phonebook
10/15/2024,swift,Sudoku
10/15/2024,csharp,Plurality
10/15/2024,html,Substitution
10/15/2024,css,Recover
10/15/2024,ruby,Water
10/15/2024,perl,Minesweeper
10/15/2024,kotlin,Readability
10/15/2024,typescript,Credit
10/15/2024,matlab,Hash
10/15/2024,scala,TrailingZeros
10/15/2024,haskell,Scrabble
10/15/2024,r,Clueless
10/15/2024,bash,Election
10/15/2024,lua,Degrees
10/15/2024,dart,DNA
10/15/2024,elixir,Seams
10/15/2024,python,Hello World
10/15/2024,c,Hello World
10/15/2024,java,Mario
10/15/2024,javascript,Tideman
10/15/2024,sql,Caesar
10/15/2024,fortran,Speller
10/15/2024,rust,Filter
10/15/2024,go,Resize
10/15/2024,php,Phonebook
10/15/2024,swift,Sudoku
10/15/2024,csharp,Plurality
10/15/2024,html,Substitution
10/15/2024,css,Recover
10/15/2024,ruby,Water
10/15/2024,perl,Minesweeper
10/15/2024,kotlin,Readability
10/15/2024,typescript,Credit
10/15/2024,matlab,Hash
10/15/2024,scala,TrailingZeros
10/15/2024,haskell,Scrabble
10/15/2024,r,Clueless
10/15/2024,bash,Election
10/15/2024,lua,Degrees
10/15/2024,dart,DNA
10/15/2024,elixir,Seams
10/15/2024,python,Hello World
10/15/2024,c,Hello World
10/15/2024,java,Mario
10/15/2024,javascript,Tideman
10/15/2024,sql,Caesar
10/15/2024,fortran,Speller
10/15/2024,rust,Filter
10/15/2024,go,Resize
10/15/2024,php,Phonebook
10/15/2024,swift,Sudoku
10/15/2024,csharp,Plurality
10/15/2024,html,Substitution
10/15/2024,css,Recover
10/15/2024,ruby,Water
10/15/2024,perl,Minesweeper
10/15/2024,kotlin,Readability
10/15/2024,typescript,Credit
10/15/2024,matlab,Hash
10/15/2024,scala,TrailingZeros
10/15/2024,haskell,Scrabble
10/15/2024,r,Clueless
10/15/2024,bash,Election
10/15/2024,lua,Degrees
10/15/2024,dart,DNA
10/15/2024,elixir,Seams
10/15/2024,python,Hello World
10/15/2024,c,Hello World
10/15/2024,java,Mario
10/15/2024,javascript,Tideman
10/15/2024,sql,Caesar
10/15/2024,fortran,Speller
10/15/2024,rust,Filter
10/15/2024,go,Resize
10/15/2024,php,Phonebook
10/15/2024,swift,Sudoku
10/15/2024,csharp,Plurality
10/15/2024,html,Substitution
10/15/2024,css,Recover
10/15/2024,ruby,Water
10/15/2024,perl,Minesweeper
10/15/2024,kotlin,Readability
10/15/2024,typescript,Credit
10/15/2024,matlab,Hash
10/15/2024,scala,TrailingZeros
10/15/2024,haskell,Scrabble
10/15/2024,r,Clueless
10/15/2024,bash,Election
10/15/2024,lua,Degrees
10/15/2024,dart,DNA
10/15/2024,elixir,Seams
10/15/2024,python,Hello World
10/15/2024,c,Hello World
10/15/2024,java,Mario
10/15/2024,javascript,Tideman
10/15/2024,sql,Caesar
10/15/2024,fortran,Speller
10/15/2024,rust,Filter
10/15/2024,go,Resize
10/15/2024,php,Phonebook
10/15/2024,swift,Sudoku
10/15/2024,csharp,Plurality
10/15/2024,html,Substitution
10/15/2024,css,Recover
10/15/2024,ruby,Water
10/15/2024,perl,Minesweeper
10/15/2024,kotlin,Readability
10/15/2024,typescript,Credit
10/15/2024,matlab,Hash
10/15/2024,scala,TrailingZeros
10/15/2024,haskell,Scrabble
10/15/2024,r,Clueless
10/15/2024,bash,Election
10/15/2024,lua,Degrees
10/15/2024,dart,DNA
10/15/2024,elixir,Seams
10/15/2024,python,Hello World
10/15/2024,c,Hello World
10/15/2024,java,Mario
10/15/2024,javascript,Tideman
10/15/2024,sql,Caesar
10/15/2024,fortran,Speller
10/15/2024,rust,Filter
10/15/2024,go,Resize
10/15/2024,php,Phonebook
10/15/2024,swift,Sudoku
10/15/2024,csharp,Plurality
10/15/2024,html,Substitution
10/15/2024,css,Recover
10/15/2024,ruby,Water
10/15/2024,perl,Minesweeper
10/15/2024,kotlin,Readability
10/15/2024,typescript,Credit
10/15/2024,matlab,Hash
10/15/2024,scala,TrailingZeros
10/15/2024,haskell,Scrabble
10/15/2024,r,Clueless
10/15/2024,bash,Election
10/15/2024,lua,Degrees
10/15/2024,dart,DNA
10/15/2024,elixir,Seams
10/15/2024,python,Hello World
10/15/2024,c,Hello World
10/15/2024,java,Mario
10/15/2024,javascript,Tideman
10/15/2024,sql,Caesar
10/15/2024,fortran,Speller
10/15/2024,rust,Filter
10/15/2024,go,Resize
10/15/2024,php,Phonebook
10/15/2024,swift,Sudoku
10/15/2024,csharp,Plurality
10/15/2024,html,Substitution
10/15/2024,css,Recover
10/15/2024,ruby,Water
10/15/2024,perl,Minesweeper
10/15/2024,kotlin,Readability
10/15/2024,typescript,Credit
10/15/2024,matlab,Hash
10/15/2024,scala,TrailingZeros
10/15/2024,haskell,Scrabble
10/15/2024,r,Clueless
10/15/2024,bash,Election
10/15/2024,lua,Degrees
10/15/2024,dart,DNA
10/15/2024,elixir,Seams
